PO_ID,PO_LINE_ID,ITEM_ID,QTY_ORDERED,QTY_RECEIVED,COMMENT,AUTHOR,PRICE_ID
1,1,27630,10,,PO Line example,apex_admin,97
1,2,27719,15,,PO Line example,apex_admin,98
2,1,27720,20,,PO Line example,apex_admin,99
2,2,27900,25,,PO Line example,apex_admin,101
3,1,27912,10,10,PO Line example,apex_admin,102
3,2,27921,15,15,PO Line example,apex_admin,103
4,1,27954,20,,PO Line example,apex_admin,105
4,2,27958,25,,PO Line example,apex_admin,106
5,1,27963,40,50,PO Line example,apex_admin,108
5,2,27964,50,50,PO Line example,apex_admin,109
